label,case,n,preparation,execution,coordination,limit,timing_samples,median_ms,owner_peak_MiB,tree_peak_MiB,referenced_binary_peak_MiB,requests_MiB,responses_MiB,fan_in_prepared,max_prepared,facts,edges
baseline,binary,128,eager,inline,legacy,64,3,30.934,2.783,2.783,0.387,24.741,26.194,128,128,258,523
baseline,binary,128,eager,peer_tcp,legacy,64,3,173.755,,,,,,128,128,258,523
baseline,binary,128,eager,task,legacy,64,3,50.276,3.993,4.002,0.524,24.741,26.194,128,128,258,523
baseline,binary,512,eager,inline,legacy,64,3,541.497,12.483,12.483,1.556,370.087,375.901,512,512,1026,2059
baseline,binary,512,eager,peer_tcp,legacy,64,3,1830.511,,,,,,512,512,1026,2059
baseline,binary,512,eager,task,legacy,64,3,612.725,20.26,20.283,3.434,370.087,375.901,512,512,1026,2059
baseline,collect,128,eager,inline,legacy,64,3,32.576,2.783,2.783,0.018,7.86,8.81,128,128,258,523
baseline,collect,128,eager,peer_tcp,legacy,64,3,188.304,,,,,,128,128,258,523
baseline,collect,128,eager,task,legacy,64,3,46.116,6.418,6.514,0.018,7.86,8.81,128,128,258,523
baseline,collect,2048,eager,inline,legacy,64,3,6275.748,111.103,111.103,0.363,1685.273,1700.487,2048,2048,4098,8203
baseline,collect,512,eager,inline,legacy,64,3,401.119,10.653,10.653,0.065,109.316,113.117,512,512,1026,2059
baseline,collect,512,eager,peer_tcp,legacy,64,3,1472.38,,,,,,512,512,1026,2059
baseline,collect,512,eager,task,legacy,64,3,548.293,20.063,20.079,0.061,109.316,113.117,512,512,1026,2059
baseline,deep,128,eager,inline,legacy,64,3,58.331,4.502,4.502,0.057,9.999,12.461,128,128,642,1302
baseline,deep,128,eager,task,legacy,64,3,86.459,8.744,8.76,0.175,9.999,12.461,128,128,642,1302
baseline,deep,512,eager,inline,legacy,64,3,689.834,12.484,12.484,0.32,118.001,127.858,512,512,2562,5142
baseline,deep,512,eager,task,legacy,64,3,944.082,24.686,24.692,0.289,118.001,127.858,512,512,2562,5142
baseline,repeated,128,eager,inline,legacy,64,3,190.074,4.502,4.502,0.058,31.588,35.389,512,128,1032,2065
baseline,repeated,128,eager,task,legacy,64,3,235.644,7.962,7.962,0.096,31.588,35.389,512,128,1032,2065
baseline,repeated,512,eager,inline,legacy,64,3,2481.772,26.757,26.757,0.364,438.399,453.61,2048,512,4104,8209
baseline,repeated,512,eager,task,legacy,64,3,3236.045,44.299,44.323,0.352,438.399,453.61,2048,512,4104,8209
baseline,stream,128,eager,inline,legacy,64,3,33.082,2.783,2.783,0.026,7.86,8.809,128,128,258,523
baseline,stream,128,eager,task,legacy,64,3,41.076,6.679,6.679,0.007,7.86,8.809,128,128,258,523
baseline,stream,512,eager,inline,legacy,64,3,355.083,9.129,9.129,0.038,109.313,113.114,512,512,1026,2059
baseline,stream,512,eager,task,legacy,64,3,511.867,21.895,21.918,0.201,109.313,113.114,512,512,1026,2059
baseline,sum,128,eager,inline,legacy,64,3,28.286,2.783,2.783,0.004,7.86,8.81,128,128,258,523
baseline,sum,128,eager,peer_tcp,legacy,64,3,148.776,,,,,,128,128,258,523
baseline,sum,128,eager,task,legacy,64,3,42.416,5.126,5.134,0.004,7.86,8.81,128,128,258,523
baseline,sum,2048,eager,inline,legacy,64,3,6210.632,111.129,111.129,0.34,1685.273,1700.487,2048,2048,4098,8203
baseline,sum,512,eager,inline,legacy,64,3,354.775,9.136,9.136,0.051,109.316,113.117,512,512,1026,2059
baseline,sum,512,eager,peer_tcp,legacy,64,3,1440.19,,,,,,512,512,1026,2059
baseline,sum,512,eager,task,legacy,64,3,552.03,32.892,32.904,0.014,109.316,113.117,512,512,1026,2059
compact,binary,128,bounded,inline,legacy,64,3,28.003,1.72,1.72,0.782,2.167,3.62,128,64,258,523
compact,binary,128,bounded,task,legacy,64,3,33.417,2.802,2.802,0.524,2.167,3.62,128,64,258,523
compact,binary,128,eager,inline,legacy,64,3,21.934,2.783,2.783,0.185,2.167,3.62,128,128,258,523
compact,binary,128,eager,peer_tcp,legacy,64,3,132.826,,,,,,128,128,258,523
compact,binary,128,eager,task,legacy,64,3,30.338,2.79,2.8,0.524,2.167,3.62,128,128,258,523
compact,binary,512,bounded,inline,legacy,64,3,305.376,4.507,4.507,1.549,8.549,14.357,496,64,1026,2059
compact,binary,512,bounded,task,legacy,64,3,285.554,9.187,9.187,1.801,8.549,14.357,496,64,1026,2059
compact,binary,512,eager,inline,legacy,64,3,219.287,4.502,4.502,2.606,8.663,14.478,512,512,1026,2059
compact,binary,512,eager,peer_tcp,legacy,64,3,430.93,,,,,,512,512,1026,2059
compact,binary,512,eager,task,legacy,64,3,258.661,10.698,10.721,1.09,8.663,14.478,512,512,1026,2059
compact,collect,128,bounded,inline,legacy,64,3,24.097,1.72,1.72,0.011,1.411,2.361,128,64,258,523
compact,collect,128,bounded,task,legacy,64,3,31.893,2.824,2.832,0.025,1.411,2.361,128,64,258,523
compact,collect,128,eager,inline,legacy,64,3,21.886,1.72,1.72,0.007,1.411,2.361,128,128,258,523
compact,collect,128,eager,peer_tcp,legacy,64,3,126.694,,,,,,128,128,258,523
compact,collect,128,eager,task,legacy,64,3,27.038,4.503,4.516,0.022,1.411,2.361,128,128,258,523
compact,collect,2048,eager,inline,legacy,64,3,2909.84,26.708,26.708,0.334,22.579,37.794,2048,2048,4098,8203
compact,collect,512,bounded,inline,legacy,64,3,252.408,9.135,9.135,0.159,5.643,9.444,512,64,1026,2059
compact,collect,512,bounded,task,legacy,64,3,286.697,7.335,7.341,0.124,5.643,9.444,512,64,1026,2059
compact,collect,512,eager,inline,legacy,64,3,193.343,9.128,9.128,0.063,5.643,9.444,512,512,1026,2059
compact,collect,512,eager,peer_tcp,legacy,64,3,384.885,,,,,,512,512,1026,2059
compact,collect,512,eager,task,legacy,64,3,249.084,7.334,7.338,0.14,5.643,9.444,512,512,1026,2059
compact,deep,128,bounded,inline,legacy,64,3,56.961,7.284,7.284,0.082,3.513,5.973,124,64,642,1302
compact,deep,128,bounded,task,legacy,64,3,79.436,2.812,2.821,0.069,3.513,5.973,124,64,642,1302
compact,deep,128,eager,inline,legacy,64,3,50.094,2.783,2.783,0.066,3.533,5.995,128,128,642,1302
compact,deep,128,eager,task,legacy,64,3,67.715,4.553,4.569,0.121,3.533,5.995,128,128,642,1302
compact,deep,512,bounded,inline,legacy,64,3,489.599,10.66,10.66,0.233,14.122,23.978,509,64,2562,5142
compact,deep,512,bounded,task,legacy,64,3,663.202,12.556,12.565,0.092,14.122,23.978,509,64,2562,5142
compact,deep,512,eager,inline,legacy,64,3,498.19,10.669,10.669,0.28,14.137,23.994,512,512,2562,5142
compact,deep,512,eager,task,legacy,64,3,638.434,12.537,12.554,0.264,14.137,23.994,512,512,2562,5142
compact,repeated,128,bounded,inline,legacy,64,3,136.307,4.502,4.502,0.071,5.651,9.451,512,64,1032,2065
compact,repeated,128,bounded,task,legacy,64,3,157.235,6.356,6.356,0.036,5.651,9.451,512,64,1032,2065
compact,repeated,128,eager,inline,legacy,64,3,108.281,7.284,7.284,0.205,5.651,9.451,512,128,1032,2065
compact,repeated,128,eager,task,legacy,64,3,137.391,10.665,10.665,0.092,5.651,9.451,512,128,1032,2065
compact,repeated,512,bounded,inline,legacy,64,3,1687.219,12.52,12.52,0.327,22.434,37.634,2019,64,4104,8209
compact,repeated,512,bounded,task,legacy,64,3,1796.035,21.463,21.463,0.092,22.434,37.634,2019,64,4104,8209
compact,repeated,512,eager,inline,legacy,64,3,1392.168,10.688,10.688,0.364,22.585,37.796,2048,512,4104,8209
compact,repeated,512,eager,task,legacy,64,3,1635.759,22.906,22.906,0.164,22.585,37.796,2048,512,4104,8209
compact,stream,128,bounded,inline,legacy,64,3,22.957,1.063,1.063,0.003,1.411,2.361,128,64,258,523
compact,stream,128,bounded,task,legacy,64,3,29.332,4.552,4.552,0.052,1.411,2.361,128,64,258,523
compact,stream,128,eager,inline,legacy,64,3,19.529,1.063,1.063,0.007,1.411,2.361,128,128,258,523
compact,stream,128,eager,task,legacy,64,3,25.988,4.532,4.543,0.03,1.411,2.361,128,128,258,523
compact,stream,512,bounded,inline,legacy,64,3,235.726,7.284,7.284,0.114,5.577,9.373,500,64,1026,2059
compact,stream,512,bounded,task,legacy,64,3,265.17,9.177,9.177,0.065,5.577,9.373,500,64,1026,2059
compact,stream,512,eager,inline,legacy,64,3,190.06,4.502,4.502,0.054,5.64,9.44,512,512,1026,2059
compact,stream,512,eager,task,legacy,64,3,217.92,10.717,10.717,0.068,5.64,9.44,512,512,1026,2059
compact,sum,128,bounded,inline,legacy,64,3,23.634,1.72,1.72,0.004,1.411,2.361,128,64,258,523
compact,sum,128,bounded,task,legacy,64,3,28.555,4.561,4.57,0.02,1.411,2.361,128,64,258,523
compact,sum,128,eager,inline,legacy,64,3,22.023,1.72,1.72,0.013,1.411,2.361,128,128,258,523
compact,sum,128,eager,peer_tcp,legacy,64,3,127.661,,,,,,128,128,258,523
compact,sum,128,eager,task,legacy,64,3,26.278,2.807,2.83,0.005,1.411,2.361,128,128,258,523
compact,sum,2048,eager,inline,legacy,64,3,3044.978,18.274,18.274,0.306,22.579,37.794,2048,2048,4098,8203
compact,sum,512,bounded,inline,legacy,64,3,241.089,7.284,7.284,0.094,5.643,9.444,512,64,1026,2059
compact,sum,512,bounded,task,legacy,64,3,291.944,10.718,10.727,0.06,5.643,9.444,512,64,1026,2059
compact,sum,512,eager,inline,legacy,64,3,190.673,4.502,4.502,0.036,5.643,9.444,512,512,1026,2059
compact,sum,512,eager,peer_tcp,legacy,64,3,371.132,,,,,,512,512,1026,2059
compact,sum,512,eager,task,legacy,64,3,241.463,10.7,10.719,0.116,5.643,9.444,512,512,1026,2059
foundation,binary,128,bounded,inline,legacy,64,3,17.056,1.72,1.72,0.185,2.074,3.522,115,64,258,523
foundation,binary,128,bounded,task,legacy,64,3,21.899,2.784,2.784,0.524,2.167,3.62,128,64,258,523
foundation,binary,128,eager,inline,legacy,64,3,12.642,1.72,1.72,0.144,2.167,3.62,128,128,258,523
foundation,binary,128,eager,peer_tcp,legacy,64,3,125.139,,,,,,128,128,258,523
foundation,binary,128,eager,task,legacy,64,3,17.798,1.727,1.739,0.524,2.167,3.62,128,128,258,523
foundation,binary,512,bounded,inline,legacy,64,3,120.516,7.284,7.284,1.027,8.57,14.38,499,64,1026,2059
foundation,binary,512,bounded,task,legacy,64,3,130.245,9.128,9.128,1.858,8.577,14.387,500,64,1026,2059
foundation,binary,512,eager,inline,legacy,64,3,59.119,4.502,4.502,2.907,8.663,14.478,512,512,1026,2059
foundation,binary,512,eager,peer_tcp,legacy,64,3,249.151,,,,,,512,512,1026,2059
foundation,binary,512,eager,task,legacy,64,3,63.282,9.173,9.173,3.433,8.663,14.478,512,512,1026,2059
foundation,collect,128,bounded,inline,legacy,64,3,13.444,2.783,2.783,0.064,1.411,2.361,128,64,258,523
foundation,collect,128,bounded,task,legacy,64,3,16.946,1.74,1.75,0.02,1.411,2.361,128,64,258,523
foundation,collect,128,eager,inline,legacy,64,3,9.642,1.063,1.063,0.0,1.411,2.361,128,128,258,523
foundation,collect,128,eager,peer_tcp,legacy,64,3,115.846,,,,,,128,128,258,523
foundation,collect,128,eager,task,legacy,64,3,13.194,1.562,1.574,0.018,1.411,2.361,128,128,258,523
foundation,collect,2048,eager,inline,legacy,64,3,174.246,15.607,15.607,0.363,22.579,37.794,2048,2048,4098,8203
foundation,collect,512,bounded,inline,legacy,64,3,97.389,7.284,7.284,0.071,5.555,9.349,495,64,1026,2059
foundation,collect,512,bounded,task,legacy,64,3,113.409,7.426,7.443,0.15,5.643,9.444,512,64,1026,2059
foundation,collect,512,eager,inline,legacy,64,3,37.395,7.284,7.284,0.065,5.643,9.444,512,512,1026,2059
foundation,collect,512,eager,peer_tcp,legacy,64,3,221.063,,,,,,512,512,1026,2059
foundation,collect,512,eager,task,legacy,64,3,42.538,7.454,7.461,0.138,5.643,9.444,512,512,1026,2059
foundation,collect,8192,eager,inline,legacy,64,3,901.925,47.223,47.223,0.366,90.325,151.196,8192,8192,16386,32779
foundation,deep,128,bounded,inline,legacy,64,3,29.72,4.502,4.502,0.077,3.528,5.99,127,64,642,1302
foundation,deep,128,bounded,task,legacy,64,3,35.79,4.544,4.544,0.06,3.533,5.995,128,64,642,1302
foundation,deep,128,eager,inline,legacy,64,3,26.098,4.502,4.502,0.057,3.533,5.995,128,128,642,1302
foundation,deep,128,eager,task,legacy,64,3,29.379,4.553,4.553,0.039,3.533,5.995,128,128,642,1302
foundation,deep,512,bounded,inline,legacy,64,3,177.723,9.147,9.147,0.325,14.111,23.967,507,64,2562,5142
foundation,deep,512,bounded,task,legacy,64,3,201.538,9.253,9.253,0.092,14.132,23.989,511,64,2562,5142
foundation,deep,512,eager,inline,legacy,64,3,101.543,7.627,7.627,0.231,14.137,23.994,512,512,2562,5142
foundation,deep,512,eager,task,legacy,64,3,112.189,9.433,9.433,0.292,14.137,23.994,512,512,2562,5142
foundation,latency,128,eager,inline,legacy,64,3,392.705,,,,,,128,128,258,523
foundation,latency,128,eager,peer_tcp,legacy,64,3,162.889,,,,,,128,128,258,523
foundation,latency,128,eager,task,legacy,64,3,55.595,,,,,,128,128,258,523
foundation,latency,512,eager,inline,legacy,64,3,1570.773,,,,,,512,512,1026,2059
foundation,latency,512,eager,peer_tcp,legacy,64,3,393.099,,,,,,512,512,1026,2059
foundation,latency,512,eager,task,legacy,64,3,224.553,,,,,,512,512,1026,2059
foundation,repeated,128,bounded,inline,legacy,64,3,55.119,7.284,7.284,0.087,5.588,9.384,500,64,1032,2065
foundation,repeated,128,bounded,task,legacy,64,3,65.186,4.856,4.856,0.082,5.594,9.39,501,64,1032,2065
foundation,repeated,128,eager,inline,legacy,64,3,39.9,9.128,9.128,0.188,5.651,9.451,512,128,1032,2065
foundation,repeated,128,eager,task,legacy,64,3,48.585,4.856,4.856,0.114,5.651,9.451,512,128,1032,2065
foundation,repeated,512,bounded,inline,legacy,64,3,382.196,10.661,10.661,0.33,22.496,37.701,2031,64,4104,8209
foundation,repeated,512,bounded,task,legacy,64,3,463.282,21.561,21.561,0.152,22.585,37.796,2048,64,4104,8209
foundation,repeated,512,eager,inline,legacy,64,3,160.975,12.483,12.483,0.363,22.585,37.796,2048,512,4104,8209
foundation,repeated,512,eager,task,legacy,64,3,198.448,13.411,13.411,0.224,22.585,37.796,2048,512,4104,8209
foundation,slow_first,128,eager,inline,legacy,64,3,21.292,,,,,,128,128,258,523
foundation,slow_first,128,eager,peer_tcp,legacy,64,3,121.965,,,,,,128,128,258,523
foundation,slow_first,128,eager,task,legacy,64,3,22.611,,,,,,128,128,258,523
foundation,slow_first,512,eager,inline,legacy,64,3,51.226,,,,,,512,512,1026,2059
foundation,slow_first,512,eager,peer_tcp,legacy,64,3,230.886,,,,,,512,512,1026,2059
foundation,slow_first,512,eager,task,legacy,64,3,59.776,,,,,,512,512,1026,2059
foundation,stream,128,bounded,inline,legacy,64,3,10.458,1.063,1.063,0.016,1.411,2.361,128,64,258,523
foundation,stream,128,bounded,task,legacy,64,3,15.233,1.738,1.738,0.009,1.339,2.283,114,64,258,523
foundation,stream,128,eager,inline,legacy,64,3,9.557,1.063,1.063,0.007,1.411,2.361,128,128,258,523
foundation,stream,128,eager,task,legacy,64,3,10.957,1.733,1.749,0.028,1.411,2.361,128,128,258,523
foundation,stream,512,bounded,inline,legacy,64,3,78.049,7.285,7.285,0.102,5.64,9.44,512,64,1026,2059
foundation,stream,512,bounded,task,legacy,64,3,107.765,9.247,9.247,0.092,5.64,9.44,512,64,1026,2059
foundation,stream,512,eager,inline,legacy,64,3,37.303,4.502,4.502,0.032,5.64,9.44,512,512,1026,2059
foundation,stream,512,eager,task,legacy,64,3,38.952,4.588,4.604,0.12,5.64,9.44,512,512,1026,2059
foundation,sum,128,bounded,inline,legacy,64,3,12.452,2.783,2.783,0.014,1.411,2.361,128,64,258,523
foundation,sum,128,bounded,task,legacy,64,3,16.618,1.508,1.52,0.019,1.411,2.361,128,64,258,523
foundation,sum,128,eager,inline,legacy,64,3,9.745,1.72,1.72,0.022,1.411,2.361,128,128,258,523
foundation,sum,128,eager,peer_tcp,legacy,64,3,118.187,,,,,,128,128,258,523
foundation,sum,128,eager,task,legacy,64,3,12.584,1.523,1.529,0.004,1.411,2.361,128,128,258,523
foundation,sum,2048,eager,inline,legacy,64,3,163.315,15.608,15.608,0.346,22.579,37.794,2048,2048,4098,8203
foundation,sum,512,bounded,inline,legacy,64,3,90.705,7.284,7.284,0.149,5.555,9.349,495,64,1026,2059
foundation,sum,512,bounded,task,legacy,64,3,109.827,4.565,4.574,0.092,5.643,9.444,512,64,1026,2059
foundation,sum,512,eager,inline,legacy,64,3,36.283,7.284,7.284,0.038,5.643,9.444,512,512,1026,2059
foundation,sum,512,eager,peer_tcp,legacy,64,3,215.98,,,,,,512,512,1026,2059
foundation,sum,512,eager,task,legacy,64,3,48.098,7.47,7.494,0.142,5.643,9.444,512,512,1026,2059
foundation,sum,8192,eager,inline,legacy,64,3,849.682,56.667,56.667,0.363,90.325,151.196,8192,8192,16386,32779
graph,binary,128,eager,inline,legacy,64,3,27.231,1.72,1.72,0.173,24.741,26.194,128,128,258,523
graph,binary,128,eager,peer_tcp,legacy,64,3,167.704,,,,,,128,128,258,523
graph,binary,128,eager,task,legacy,64,3,50.799,5.43,5.454,0.524,24.741,26.194,128,128,258,523
graph,binary,512,eager,inline,legacy,64,3,413.335,12.483,12.483,1.553,370.087,375.901,512,512,1026,2059
graph,binary,512,eager,peer_tcp,legacy,64,3,1565.871,,,,,,512,512,1026,2059
graph,binary,512,eager,task,legacy,64,3,473.488,21.224,21.235,2.609,370.087,375.901,512,512,1026,2059
graph,collect,128,eager,inline,legacy,64,3,23.414,4.502,4.502,0.018,7.86,8.81,128,128,258,523
graph,collect,128,eager,peer_tcp,legacy,64,3,186.387,,,,,,128,128,258,523
graph,collect,128,eager,task,legacy,64,3,33.985,4.817,4.913,0.018,7.86,8.81,128,128,258,523
graph,collect,2048,eager,inline,legacy,64,3,4086.5,92.626,92.626,0.359,1685.273,1700.487,2048,2048,4098,8203
graph,collect,512,eager,inline,legacy,64,3,269.937,7.284,7.284,0.069,109.316,113.117,512,512,1026,2059
graph,collect,512,eager,peer_tcp,legacy,64,3,1315.515,,,,,,512,512,1026,2059
graph,collect,512,eager,task,legacy,64,3,373.716,30.683,30.926,0.076,109.316,113.117,512,512,1026,2059
graph,deep,128,eager,inline,legacy,64,3,38.72,4.502,4.502,0.096,9.999,12.461,128,128,642,1302
graph,deep,128,eager,task,legacy,64,3,51.987,5.482,5.482,0.071,9.999,12.461,128,128,642,1302
graph,deep,512,eager,inline,legacy,64,3,376.583,15.627,15.627,0.31,118.001,127.858,512,512,2562,5142
graph,deep,512,eager,task,legacy,64,3,473.49,34.477,34.477,0.214,118.001,127.858,512,512,2562,5142
graph,repeated,128,eager,inline,legacy,64,3,136.727,7.284,7.284,0.079,31.588,35.389,512,128,1032,2065
graph,repeated,128,eager,task,legacy,64,3,168.598,8.274,8.274,0.123,31.588,35.389,512,128,1032,2065
graph,repeated,512,eager,inline,legacy,64,3,1897.867,26.702,26.702,0.363,438.399,453.61,2048,512,4104,8209
graph,repeated,512,eager,task,legacy,64,3,2209.089,57.538,57.562,0.191,438.399,453.61,2048,512,4104,8209
graph,stream,128,eager,inline,legacy,64,3,21.867,2.783,2.783,0.002,7.86,8.809,128,128,258,523
graph,stream,128,eager,task,legacy,64,3,32.924,9.181,9.181,0.012,7.86,8.809,128,128,258,523
graph,stream,512,eager,inline,legacy,64,3,234.596,10.664,10.664,0.077,109.313,113.114,512,512,1026,2059
graph,stream,512,eager,task,legacy,64,3,382.325,30.485,30.485,0.133,109.313,113.114,512,512,1026,2059
graph,sum,128,eager,inline,legacy,64,3,22.917,1.72,1.72,0.007,7.86,8.81,128,128,258,523
graph,sum,128,eager,peer_tcp,legacy,64,3,177.445,,,,,,128,128,258,523
graph,sum,128,eager,task,legacy,64,3,29.625,4.191,4.202,0.004,7.86,8.81,128,128,258,523
graph,sum,2048,eager,inline,legacy,64,3,4257.243,111.099,111.099,0.311,1685.273,1700.487,2048,2048,4098,8203
graph,sum,512,eager,inline,legacy,64,3,264.958,7.284,7.284,0.078,109.316,113.117,512,512,1026,2059
graph,sum,512,eager,peer_tcp,legacy,64,3,1319.703,,,,,,512,512,1026,2059
graph,sum,512,eager,task,legacy,64,3,369.513,30.286,30.53,0.026,109.316,113.117,512,512,1026,2059
